rank,keyword,cluster,search_intent,funnel_stage,recommended_target_page,content_angle
1,best parental control app,Core parental controls,Commercial investigation,MOFU,/blog/best-parental-control-app,"Comparison page that positions Koda Gaming Parental Controls as the gaming-aware option."
2,parental control app,Core parental controls,Commercial investigation,MOFU,/,"Homepage or product landing page optimized for broad parental-control demand."
3,parental control app for Windows,PC and desktop controls,Commercial investigation,MOFU,/blog/parental-control-app-for-windows,"Windows-focused guide for families with gaming PCs."
4,parental control app for PC,PC and desktop controls,Commercial investigation,MOFU,/blog/parental-control-app-for-pc,"Explain monitoring, app blocking, screen time, and PC game coverage."
5,parental controls for PC gaming,Gaming parental controls,Commercial investigation,MOFU,/blog/parental-controls-for-pc-gaming,"Directly own the PC gaming safety category."
6,parental control app for gaming,Gaming parental controls,Commercial investigation,MOFU,/blog/parental-control-app-for-gaming,"Frame product around gaming-specific risks generic tools miss."
7,game chat monitoring app,Game chat monitoring,Commercial investigation,BOFU,/blog/game-chat-monitoring-app,"Explain voice and text monitoring for games."
8,monitor kids gaming chat,Game chat monitoring,Problem aware,MOFU,/blog/monitor-kids-gaming-chat,"Parent-friendly guide to monitoring chat without relying only on game settings."
9,monitor child's online game chat,Game chat monitoring,Problem aware,MOFU,/blog/monitor-childs-online-game-chat,"Cover text chat, voice chat, recordings, and alert workflows."
10,in-game chat monitoring,Game chat monitoring,Commercial investigation,BOFU,/blog/in-game-chat-monitoring,"Define the category and compare against web filters or screen-time apps."
11,Roblox parental controls,Roblox,How-to,TOFU,/blog/roblox-parental-controls,"Practical setup guide plus gaps that native Roblox controls do not solve."
12,how to monitor my child on Roblox,Roblox,How-to,TOFU,/blog/how-to-monitor-child-on-roblox,"Use exact parent language; show what can and cannot be monitored."
13,monitor Roblox chat,Roblox,Problem aware,MOFU,/blog/monitor-roblox-chat,"Target parents worried about in-game messages and direct chat."
14,can parents see Roblox messages,Roblox,Question,TOFU,/blog/can-parents-see-roblox-messages,"Answer plainly, then explain monitoring options and limitations."
15,Roblox voice chat parental controls,Roblox,How-to,TOFU,/blog/roblox-voice-chat-parental-controls,"Own voice-chat concern around Roblox and gaming safety."
16,is Roblox safe for kids,Roblox,Safety research,TOFU,/blog/is-roblox-safe-for-kids,"Balanced safety article with concrete parental-control checklist."
17,Discord parental controls,Discord,How-to,TOFU,/blog/discord-parental-controls,"Explain Discord Family Center and why parents still need device/app monitoring."
18,how to monitor my child on Discord,Discord,How-to,TOFU,/blog/how-to-monitor-child-on-discord,"High-intent parent question; compare native oversight with monitoring tools."
19,can parents see Discord messages,Discord,Question,TOFU,/blog/can-parents-see-discord-messages,"Plain-language answer and safer alternatives."
20,Discord Family Center alternative,Discord,Commercial investigation,BOFU,/blog/discord-family-center-alternative,"Position Koda Gaming Parental Controls for parents who need more than activity summaries."
21,Minecraft parental controls,Minecraft,How-to,TOFU,/blog/minecraft-parental-controls,"Setup and limitations around Microsoft/Xbox privacy controls."
22,Minecraft chat parental controls,Minecraft,How-to,TOFU,/blog/minecraft-chat-parental-controls,"Focus on multiplayer chat, voice/text permissions, and PC gaming gaps."
23,Fortnite parental controls,Fortnite,How-to,TOFU,/blog/fortnite-parental-controls,"Guide to Epic controls, text chat, voice chat, and playtime limits."
24,Fortnite voice chat parental controls,Fortnite,How-to,TOFU,/blog/fortnite-voice-chat-parental-controls,"Specific voice-chat safety guide for Fortnite parents."
25,monitor Fortnite voice chat,Fortnite,Problem aware,MOFU,/blog/monitor-fortnite-voice-chat,"Target parents worried about live voice chat and toxic interactions."
26,Bark alternatives,Competitors,Commercial investigation,BOFU,/blog/bark-alternatives,"Comparison page for parents who need stronger gaming and PC coverage."
27,Bark competitors,Competitors,Commercial investigation,BOFU,/blog/bark-competitors,"List alternatives and differentiate on in-game monitoring."
28,Bark vs Qustodio,Competitors,Comparison,BOFU,/blog/bark-vs-qustodio,"Capture comparison traffic and introduce Koda Gaming Parental Controls as a third option."
29,Qustodio alternatives,Competitors,Commercial investigation,BOFU,/blog/qustodio-alternatives,"Angle around gaming, Discord, Roblox, and PC monitoring gaps."
30,best Bark alternative,Competitors,Commercial investigation,BOFU,/blog/best-bark-alternative,"High-intent conversion page for dissatisfied Bark shoppers."
